Founder Name,Title,Company Founded,Description,LinkedIn Profile,Twitter Profile
Marcelo Cortes,,Accounting Manager,Founder/CTO,https://www.linkedin.com/in/marcelo-cortes-b34317,
Max Rhodes,,Accounting Manager,Founder/CEO,https://www.linkedin.com/in/max-rhodes,
Daniele Perito,,Accounting Manager,Founder,https://www.linkedin.com/in/danieleperito,
Brian Chesky,Founder/CEO,Airbnb,"Brian Chesky is the co-founder, Head of Community, and CEO of Airbnb, which he started with Joe Gebbia and Nathan Blecharczyk in 2008. Brian sets the companyâ€™s strategy to connect people to unique travel experiences, and drives Airbnbâ€™s mission to create a world where anyone can belong anywhere. Originally from New York, Brian graduated from the Rhode Island School of Design where he received a Bachelor of Fine Arts in Industrial Design.",https://www.linkedin.com/in/brianchesky/,https://twitter.com/bchesky
Nathan Blecharczyk,Founder/CTO,Airbnb,"Nathan Blecharczyk is the co-founder, Chief Strategy Officer, and Chairman of Airbnb China. Nathan plays a leading role in driving key strategic initiatives across the global business. Previously he oversaw the creation of Airbnbâ€™s engineering, data science, and performance marketing teams. Nathan became an entrepreneur in his youth, running a business while he was in high school that sold to clients in more than 20 countries. He earned a degree in Computer Science from Harvard University.",https://www.linkedin.com/in/blecharczyk/,https://twitter.com/nathanblec
Joe Gebbia,Founder/CPO,Airbnb,"Joe Gebbia is the co-founder of Airbnb which began in his San Francisco living room and spread to nearly 7M listings in 191+ countries, changing how people trust each other. Joe now holds a strategic advisory position and serves on the Board of Directors at Airbnb. His latest venture, Samara, also cemented in economic empowerment, housing resources, and design, produces fully customized, factory-made homes designed to create rental income, house family, and form new types of housing communities.",https://www.linkedin.com/in/jgebbia/,https://twitter.com/jgebbia
Julien Lemoine,Founder/CTO,Algolia,"Julien is a search veteran whoâ€™s been working in the search landscape for over 10 years, with work experience in Thales and Exalead. He participated in the design of three different search engines prior to co-founding Algolia with Nicolas and is the author of the different algorithms responsible for Algolia's super fast performance. Julien is also passionate about imparting knowledge and spent some time teaching at his Alma Mater, EPITA. He holds an engineering degree from the same institution.",https://linkedin.com/in/julienlemoine,https://twitter.com/jlemoine_algo
Nicolas Dessaigne,Founder/Board Member,Algolia,"Nicolas is currently a group partner at YC. He is also the co-founder of Algolia (YC W14), a growth stage Search API used by millions of developers. He led the company as CEO up to 350 people before hiring a successor in 2020. He is still involved in the success of Algolia as Board Director. Originally from France, he currently lives in El Cerrito, CA with his wife and 3 kids. He has a PhD in Computer Science from the University of Nantes.",https://www.linkedin.com/in/nicolasdessaigne/,https://twitter.com/dessaigne
Spenser Skates,Founder/CEO,Amplitude,"Spenser Skates is the CEO and Co-Founder of the leading digital analytics platform Amplitude. He co-founded the company in 2012 to help organizations build better products through product analytics. He brought the company public in 2021. Today, Amplitude serves more than 3,000 paying customers, guiding teams to clearer insights, faster action, and trusted data. 

Skates previously worked as an algorithmic trader at DRW Trading Group and graduated with a B.S. in Bioengineering from MIT where he",https://www.linkedin.com/in/spenserskates,https://x.com/spenserskates
Curtis Liu,Founder/CTO,Amplitude,,https://www.linkedin.com/in/jerry-klingenberger-15027791,
Igino Cafiero,,Bear Flag Robotics,Founder/CEO,https://www.linkedin.com/in/igino-cafiero-43b213b0,
Aubrey Donnellan,,Bear Flag Robotics,Founder,https://www.linkedin.com/in/aubrey-donnellan-0b676b7/,
Sandro Mur,Founder,Bellabeat,,,
Urska Srsen,Founder/CCO,Bellabeat,"Urska Srsen is the coÂ­founder and CCO of Bellabeat Inc. Urska is the detailÂ­ obsessed execution force behind Bellabeatâ€™s brand and products.
In 2016 Urska was chosen by Forbes as the ambassador of the Technology field for their first European 30 under 30 list. She was nominated as best female entrepreneur in Croatia in 2016 by Veuve Clicquot and has also received the Jabolko Navdiha (Apple of Inspiration) award from the President of the Republic of Slovenia.",,https://twitter.com/UrskaSrsen
Sajith Wickramasekara,,Benchling,Founder/CEO,,
Robert Vis,,Bird,Founder/CEO,,
Joey van Ommen,,Bird,Founder/Head of Product & Partner,,
Bob Violier,,Bird,Founder/CTO,,
Henrique Dubugras,Founder/CEO,Brex,,https://br.linkedin.com/in/henriquedubugras,https://twitter.com/hdubugras
Pedro Franceschi,Founder,Brex,Founder and CEO at Brex.,https://www.linkedin.com/in/pfranceschi,
Yilin Huang,Founder,Caper,,,
Ahmed Beshry,Founder,Caper,-,https://ca.linkedin.com/in/ahmedbeshry,
Lindon Gao,Founder/CEO,Caper,,https://www.linkedin.com/pub/lindon-gao/24/b31/1a1,
Jake Heller,Founder/CEO,Casetext,"Co-founder and CEO of Casetext (S13), acquired by Thomson Reuters for $650M. Lawyer working in tech. AI optimist. Proud dad and animal lover ðŸ• ðŸˆ ðŸ“",https://www.linkedin.com/in/jakeheller/,https://x.com/Jacob_Heller
Dan Carroll,Founder/CPO,Clever,Co-founder / product @ Clever,https://www.linkedin.com/in/danielcarroll/,
Rafael Garcia,Founder/CTO,Clever,,https://www.linkedin.com/in/rafgarcia/,https://twitter.com/rfgarcia
Zach Sims,,Codecademy,Founder/CEO,https://www.linkedin.com/in/zacharysims,
Christopher Morton,Founder/President and COO,Cognito,,https://linkedin.com/in/mortonch,
Alain Meier,Founder/CEO,Cognito,,https://www.linkedin.com/in/alainmeier/,https://twitter.com/alain
John Backus,Founder/CTO,Cognito,CTO and Founder @ Cognito (Acquired by Plaid in 2022),,https://twitter.com/backus
Brian Armstrong,,Coinbase,Founder/CEO,https://www.linkedin.com/in/barmstrong/,https://twitter.com/brian_armstrong
Alex Polvi,,CoreOS,Founder/CEO,https://www.linkedin.com/in/polvi/,
Kyle Vogt,Founder/CEO,Cruise,"Kyle started Cruise in 2013, eventually selling it to GM for $1 billion. He stayed on and led Cruise to a $30 billion valuation, over $7 billion in investment, and 250,000 fully driverless rides delivered. Kyle also co-founded Twitch (acquired by Amazon), Socialcam (acquired by Autodesk), and Justin.tv. Kyle studied computer science and electrical engineering at MIT.",https://www.linkedin.com/in/kylevogt/,
Daniel Kan,Founder/COO,Cruise,,https://www.linkedin.com/in/danielkan,
Michael Nusimow,Founder/CEO,DrChrono,"Cofounder, COO @ https://rekap.com 2023 - Present

Cofounder, CEO DrChrono 2009 - 2022 (YC W2011)

Entrepreneur, Software Engineer, Investor in Silicon Valley California.",https://linkedin.com/in/mnusimow,
Daniel Kivatinos,Founder/COO,DrChrono,"Building something big with JustPaid.ai, a revenue collection platform for startups.

Iâ€™m an entrepreneur and investor living in Silicon Valley, California. Iâ€™ve been working across multiple companies. Iâ€™ve raised millions of dollars of venture capital funding over the last several years for my startups.

In 2008, I started DrChrono, with millions of active users and thousands of customers; it was acquired in 2021, being in the top 30 company exits from YC, making it a top 1% YC exit.",https://www.linkedin.com/in/kivatinos/,http://x.com/danielkivatinos
Arash Ferdowsi,Founder,Dropbox,Dropbox co-founder,https://www.linkedin.com/in/arashferdowsi/,https://twitter.com/arashf
Drew Houston,Founder/CEO,Dropbox,Drew co-founded Dropbox in 2007. Heâ€™s led our growth from a simple idea to a service used by hundreds of millions of people around the world. Drewâ€™s responsible for the direction and product strategy of our company.,https://www.linkedin.com/in/drewhouston/,https://twitter.com/drewhouston
Brandon Moak,Founder/CTO,Embark Trucks,,https://ca.linkedin.com/in/brandonmoak,
Alex Rodrigues,Founder/CEO,Embark Trucks,Started building robots when I was 11. Excited to be helping build the world's biggest robots today!,https://ca.linkedin.com/in/rodriguesalex,https://twitter.com/alexrodriguesca
Michael Skupien,,Embark Trucks,,https://linkedin.com/in/michael-sk,
Matt Doka,Founder/CTO,Fivestars,,https://www.linkedin.com/in/mattdoka/,
Victor Ho,Founder/CEO,Fivestars,"Victor co-founded Fivestars following his work at McKinsey & Company, where he helped build out loyalty and customer engagement strategies for premiere Fortune 50 brands. He started his career as an investment banker at Goldman Sachs, and holds three degrees from the University of California, Berkeley, where he triple majored in Industrial Engineering, Rhetoric, and Business Administration. Victor has an insatiable love for sour candy, and canâ€™t resist those tasty green apple things.",https://www.linkedin.com/in/victor-ho-47257211/,
George Fraser,,Fivetran,Founder,https://www.linkedin.com/in/george-fraser-a0219230,
Taylor Brown,,Fivetran,Founder/COO,https://www.linkedin.com/in/taylorwcbrown,
Ryan Petersen,Founder/CEO,Flexport,Founder of Flexport,https://www.linkedin.com/in/rpetersen,https://twitter.com/typesfast
Bo Lu,Founder/CEO,FutureAdvisor,"Current at Clipboard Health (W17) as Co-CEO.
Was CEO of FutureAdvisor, acquired by BlackRock (NYSE:BLK) post Series B. 
Microsoft alum as a PM. 
University of Illinois Urbana Champaign Computer Science w/focus on Human Computer Interaction.",https://www.linkedin.com/in/boluprofile,https://twitter.com/bolu
Eddy Lu,,GOAT Group,Founder,https://www.linkedin.com/in/eddylu/,
Daishin Sugano,,GOAT Group,Founder/CPO,https://www.linkedin.com/in/sensugano,
Austin Che,,Ginkgo Bioworks,Founder,https://www.linkedin.com/in/austinche/,
Barry Canton,,Ginkgo Bioworks,Founder,https://www.linkedin.com/in/barry-canton-6826424/,
Reshma Shetty,,Ginkgo Bioworks,Founder,https://www.linkedin.com/in/rpshetty/,
Jason Kelly,,Ginkgo Bioworks,Founder,https://www.linkedin.com/in/jrkelly2/,
Tom Knight,,Ginkgo Bioworks,Founder,https://www.linkedin.com/in/tom-knight-2236324/,
Dmytro Zaporozhets,,GitLab,Founder/CTO,https://www.linkedin.com/in/dzaporozhets,https://twitter.com/dzaporozhets
Sid Sijbrandij,,GitLab,Founder/CEO,http://nl.linkedin.com/in/sijbrandij,
Travis Kimmel,Founder/CEO,GitPrime,,https://www.linkedin.com/in/travis-kimmel-20111b2a,
Ben Thompson,Founder/Chief Customer Officer,GitPrime,"GitPrime (YC W16), acq Pluralsight",https://www.linkedin.com/in/thompsonben,https://twitter.com/thebent/
Vu Tran,,Go1,Founder,http://www.linkedin.com/profile/view?id=145590347,
Chris Eigeland,,Go1,Founder and CEO,https://au.linkedin.com/in/chriseigeland,
Chris Hood,,Go1,Founder/CTO,http://au.linkedin.com/in/chrish00d,
Andrew Barnes,,Go1,Founder/CEO,http://www.linkedin.com/in/ajbarnes,
Mike Xu,,GrubMarket,"Founder/CEO, , President",http://www.linkedin.com/pub/mike-minyi-xu/1/837/510/,
Josh Reeves,Founder/CEO,Gusto,We're on a multi-decade mission at Gusto to create a world where work empowers a better life. Building for the long term. [We're hiring!],https://www.linkedin.com/in/joshuareeves/,https://twitter.com/joshuareeves
Tomer London,Founder/; Empowering Gusto's Product and Design Teams,Gusto,Co-founder at Gusto (YC W12). Optimist. Family guy.,https://www.linkedin.com/in/tomerlondon/,https://twitter.com/tomerlondon
Edward Kim,Founder/Empowering Gusto's Engineering Team,Gusto,Co-founder and Head of Engineering at Gusto,https://www.linkedin.com/in/edawerd/,https://twitter.com/edawerd
Matin Movassate,,Heap,Founder/CEO,https://www.linkedin.com/in/matin-movassate-29494723,
Neal O'Mara,,HelloSign,Founder/CTO,https://www.linkedin.com/in/nealomara/,
James Lindenbaum,,Heroku,Founder,https://www.linkedin.com/in/jameslindenbaum,
Adam Wiggins,,Heroku,Founder/CTO,,
Orion Henry,,Heroku,Founder,,
Betsie Larkin,,Honeylove,Founder/CEO,https://www.linkedin.com/in/betsie-larkin-611a49ba,
Sarah Nahm,,Lever,,https://www.linkedin.com/in/sarahnahm,
Nate Smith,,Lever,"Nate co-founded Lever, leading as both CEO and CTO. He is passionate about softwareâ€™s potential for business transformation and user experience. Prior to Lever, Nate was a product manager on Google Analytics and the Google Search team. He led the first major redesign of Googleâ€™s image search UI, which launched in July 2010. Nate received a degree in electrical and computer engineering from Olin College, at which he was a member of the schoolâ€™s second ever graduating class.",https://www.linkedin.com/in/nateps/,https://twitter.com/nateps
Brian Noguchi,,Lever,Founder of Smartcuts (W21) and cofounder of Lever (S12).,https://linkedin.com/in/briannoguchi,https://twitter.com/briannoguchi
Debkishore Mitra,,Lucira Health,Founder,http://www.linkedin.com/in/debkishoremitra,
Gabriel Leydon,,Machine Zone,Founder/CEO,,
Halbert Nakagawa,,Machine Zone,Founder/CTO,,
Mike Sherrill,,Machine Zone,Founder,https://www.linkedin.com/in/mikesherrill,
David Gausebeck,,Matterport,Founder/CTO,https://www.linkedin.com/in/david-gausebeck-ab23015,
Vidit Aatrey,,Meesho,Founder/CEO,https://www.linkedin.com/in/vidit-aatrey-a3639120,
Sanjeev Barnwal,,Meesho,Founder/CTO,https://www.linkedin.com/in/sanjeev-barnwal-4099341b,
Brad Siegler,Founder,Mid-level Software Engineer,Founder @ EquipmentShare - YC W 2015,https://linkedin.com/in/bradsiegler,https://twitter.com/BradSiegler
Jeff Lowe,Founder,Mid-level Software Engineer,,https://www.linkedin.com/in/lowejeffrey,
Jabbok Schlacks,Founder,Mid-level Software Engineer,,https://www.linkedin.com/in/jabbok-schlacks-319a378a,
William Schlacks,Founder/President,Mid-level Software Engineer,,https://www.linkedin.com/in/william-schlacks-49796016,
Carly Leahy,,Modern Fertility,Founder,https://www.linkedin.com/in/carlyleahy,
Afton Vechery,,Modern Fertility,Founder/CEO,https://www.linkedin.com/in/aftonv/,
Mikhail Kokorich,,Momentus,"Physicist, self-taught engineer, involuntary entrepreneur. Lots of companies in the past, most of them failed. But some have succeeded. 2 times YC founder.",https://linkedin.com/in/kokorich,https://twitter.com/mkokorich
Alexander Meek,,Moxion Power Co.,"Alex is a venture capital investor, former founder and W21 YC alum. As a former startup operator, Alex was the co-founder and President at Moxion, one of the largest mobile energy storage manufacturers in the US. Under his leadership, Moxion secured over $150M from investors like Amazon, Microsoft, and Energy Impact Partners, and delivered over $100M in revenue in its first year. Before that, Alex founded Newday, a value-driven asset management firm that now oversees $175M.",https://www.linkedin.com/in/alexandermeek/,
Paul Huelskamp,,Moxion Power Co.,,https://www.linkedin.com/in/paulhuelskamp,
Edvard Engesaeth,,NURX,Founder,https://www.linkedin.com/profile/view?id=254149970&trk=nav_responsive_tab_profile_pic,https://twitter.com/Dreddielicious
Stephen Lake,Founder/CEO,North,formerly founder of thalmic/North (YC W13). Now founder of Jetson.,https://linkedin.com/in/slake,
Matthew Bailey,Founder,North,,,
Aaron Grant,Founder,North,,,
Alfonso de los Rios Villarreal,Founder/CEO,Nowports,,https://www.linkedin.com/in/alfonso-de-los-rios-24a3a713a/,
Maximiliano Casal,Founder,Nowports,"Co-founder & COO Nowports
Bachelor Computer Engineering",https://www.linkedin.com/in/maxcasal/,https://twitter.com/MaxCasal13
Charles Forman,,OMGPop,"Charles Forman is the co-founder of Storyboarder. With a background in computer science and design, Charles is passionate about building great product experiences that make the world a more enjoyable place. Prior to co-founding Storyboarder, Charles was the founder of OMGPOP (YCS06), a gaming startup that gained international recognition for its popular game ""Draw Something"". OMGPOP attracted millions of users and was ultimately acquired by Zynga for $210 million.",https://www.linkedin.com/in/iminlikewithyou/,https://twitter.com/charlesforman
Caroline Cochran,Founder,Oklo,"Caroline Cochran is the Co-Founder and Chief Operating Officer of Oklo Inc., a company developing advanced fission cleantech for cleaner air and human development. She was one of the youngest recipients of the University of Oklahoma Regent's Alumni Award. Caroline received her S.M. in Nuclear Engineering from MIT, a B.A. in Economics and a B.S. in Mechanical Engineering from the University of Oklahoma.",https://www.linkedin.com/in/caorilne,https://www.twitter.com/caorilne
Jacob DeWitte,Founder/CEO,Oklo,,http://linkedin.com/in/jacob-dewitte-90062132,
Phillip Wei,Founder/CTO,OpenInvest,Co-Founder Deliveroo (LON:ROO) + OpenInvest (sold to JPM).,http://www.linkedin.com/in/phillipwei,http://twitter.com/phillipwei
Conor Murray,Founder/CEO,OpenInvest,"Originally from Ireland, Conor moved to the US to study math, computer science, econ and philosophy at MIT. After working at Morgan Stanley out of college, he moved to Bridgewater where he spent 8 years building portfolio construction and management systems. After Bridgewater, Conor moved out to San Francisco and founded OpenInvest in 2015 with Philip Wei and Josh Levin. OpenInvest was acquired by JP Morgan in 2021.",https://www.linkedin.com/pub/conor-murray/93/300/b06,
Pete Koomen,Founder,Optimizely,General Partner at YC. Co-founded Optimizely (W10) and helped grow the company to >$100M in ARR and a sale to Episerver (now known as Optimizely!) in 2020.,https://www.linkedin.com/in/petekoomen/,https://twitter.com/koomen
Alex Solomon,Founder/CTO,PagerDuty,"Co-Founder, PagerDuty. Alex started PagerDuty in 2009 as founding CEO, leading the company through several stages of growth, including product-market fit, fundraising, and expansion of the product vision. He replaced himself in 2016 and stepped into the role of CTO (until 2020), and later, GM of Platform (until 2024). He has served on the PagerDuty board of directors since 2010.",https://www.linkedin.com/in/alexsolo,
Uri Lopatin,Founder/CEO,Pardes Biosciences,"Co-founder and the Chief Medical Officer of Assembly Pharma (2012) and CMO/VP R&D for Assembly Biosciences (f\k\a Ventrus Bioscience), which reverse merged with Assembly Pharma in 2014. He helped ASMB raise > $300M to move 2 generations of novel HBV meds into Ph 1 and Ph 2 clinical studies. Uri has held roles at Schering Plough, Roche, and Gilead Science, and received medical training at UMDNJ, NYU and the NIH. Uri was a visiting partner at YC before he started Pardes to cure COVID-19",https://linkedin.com/in/urilopatin,
Ezra Olubi,,Paystack,Founder/CTO,https://ng.linkedin.com/in/cfezra,https://twitter.com/0x
Shola Akinlade,,Paystack,Founder/CEO,http://ng.linkedin.com/in/shollsman/en,
Ryan Sutton-Gee,Founder,PlanGrid,"Co-Founder of PlanGrid (YC W12) with Tracy Young, Ralph Gootee, Antoine Hersen, and Kenneth Stone.

PlanGrid was acquired by Autodesk in November 2018.

Currently an angel to seed stage startups mostly focused on B2B SaaS and/or the AEC vertical.

Investments:
Upcodes (S17)
Hightouch (S19)
Postscript (W19)
Hatch (W19)
Atmos (S20)
Toolbox (S20)
1Build (W20)
CostCertified (S21)
Concord Materials (S21)
PermitFlow (W22)
Pirros (W23)
HyperFrame
Built Robotics",https://www.linkedin.com/in/rsuttong,
Ralph Gootee,Founder/CTO,PlanGrid,"My name is Ralph. 
- I'm a second time founder, my first company exited to ADSK for $900m Net.
- My background is abstract mathematics
- I have 3 young children
- My free time is spent reading and drawing",https://www.linkedin.com/in/ralphleon/,
Tracy Young,Founder/CEO,PlanGrid,,https://www.linkedin.com/in/tracy-young-0a17441,
Rajat Suri,,Presto,Founder/CEO,https://www.linkedin.com/in/rajatsuri,
Pete Quinzio,,Principal Product Development Scientist,Founder,https://www.linkedin.com/in/peter-quinzio-26083a35,
Matthew De Silva,,Principal Product Development Scientist,Founder/CEO,https://www.linkedin.com/in/matthewdesilva/,https://twitter.com/MDe_Silva
Denis Mars,Founder/CEO,Proxy,"3x Founder, 3x Exits. 
Investing in AI-native startups.",https://www.linkedin.com/in/denismars,https://twitter.com/denismars
Simon Ratner,Founder/CTO,Proxy,YC Badge: 0xe4bad42969186ecba2eb7e70ef0ba8b8b7f7a82f,https://www.linkedin.com/in/simonratner,https://twitter.com/simonratner
Ishan Bansal,,React Native Developer,Founder,https://in.linkedin.com/in/ishan-bansal-8678b216,
Harsh Jain,,React Native Developer,Founder/COO,https://in.linkedin.com/in/harshjainiitd,
Lalit Keshre,,React Native Developer,Founder/CEO,https://www.linkedin.com/in/lalitkeshre,
Neeraj Singh,,React Native Developer,Founder,https://www.linkedin.com/in/neeraj-singh-a910819,
Steve Huffman,Founder,Reddit,-,https://www.linkedin.com/in/shuffman56/,
Chad Rigetti,,Rigetti Computing,Founder/CEO,https://www.linkedin.com/in/chad-rigetti-9891562,https://twitter.com/ChadRigetti
Alex Bouaziz,Founder/CEO,SDR Manager (SMB - MM - ENT),Co-founder & CEO @Deel,https://www.linkedin.com/in/alexbouaziz/,https://twitter.com/bouazizalex
Shuo Wang,Founder/CRO,SDR Manager (SMB - MM - ENT),,https://www.linkedin.com/in/shuo-wang-848a8956/,https://twitter.com/copernicussw
Ilya Volodarsky,Founder,Segment,,https://www.linkedin.com/in/ilyavolodarsky/,
Calvin French-Owen,Founder,Segment,"Previously founder & CTO of Segment (S11). Currently a visiting group partner at YC. Can help with B2B, data infrastructure, product, and sales.",https://www.linkedin.com/in/calvinfo/,https://twitter.com/calvinfo
Lincoln Quirk,,Sendwave,CPO at Wave,https://www.linkedin.com/in/lincolnquirk,
Drew Durbin,,Sendwave,CEO at Wave,https://www.linkedin.com/in/drew-durbin-52517614/,https://twitter.com/drewdurbin/
Max Mullen,Founder,Senior Android Engineer,"Max is the Co-Founder of Instacart. He started the company with two co-founders in 2012. Previously, he's worked for several startups including Schematic, an award-winning interactive agency which was acquired by WPP. Max is originally from Los Angeles where he graduated from the University of Southern California, studying entrepreneurship and cinematic arts.",https://www.linkedin.com/in/maxmullen/,http://twitter.com/max
Apoorva Mehta,Founder/Chairman & Founding CEO,Senior Android Engineer,"Apoorva Mehta is an Indian-born American entrepreneur. He is the Founder and Chairman of the San Francisco-based on-demand online grocery shop 'Instacart.' Apoorva co-founded this venture along with Max Mullen and Brandon Leonardo in 2012. An engineering graduate from the 'University of Waterloo,' Apoorva worked for companies such as 'Blackberry,' â€˜Qualcomm,â€™ and 'Amazon,' before he became an entrepreneur.",https://www.linkedin.com/in/apoorvamehta/,https://twitter.com/apoorva_mehta
Brandon Leonardo,Founder,Senior Android Engineer,"Brandon is currently Grocery Hacker and a Co-Founder of Instacart, the same-day grocery delivery service. Brandon built the early versions of the Instacart app, and now leads the Engineering team that works on Growth. Prior to joining Instacart, Brandon held senior engineering roles at a number of other startups including AngelList, Webs and StartupBus. He holds a BS in Computer Science from SJSU and currently lives in Redwood City.",https://www.linkedin.com/in/leonardo/,https://twitter.com/shiftb
Wei Deng,Founder/CEO,Senior Counsel,"I'm a graduate of Yale and Yale Law School. Have done law, finance, product and operations, and am currently running a company that matches healthcare facilities with available nurses nearby.",https://www.linkedin.com/in/dengwei,
James Burkhardt,,Senior DevOps Engineer,Founder,https://www.linkedin.com/in/james-burkhardt-6bb4ab48/,
Garrett Langley,Founder/CEO,"Senior Full Stack Software Engineer (React, Node)",,https://www.linkedin.com/in/glangley/,
Matt Feury,Founder/CTO,"Senior Full Stack Software Engineer (React, Node)",I spit rhymes in n log(n) time.,https://www.linkedin.com/in/matt-feury-a105a339/,
Gordon Wintrob,,Senior Product Manager - Total Rewards,Founder/CTO,https://www.linkedin.com/in/gwintrob,https://twitter.com/gwintrob
Spike Lipkin,,Senior Product Manager - Total Rewards,Founder/CEO,https://www.linkedin.com/in/spike-lipkin-8173651b/,
Daniel Yanisse,Founder/CEO,Senior Software Engineer (Crim Searches),Worked as a software engineer in a few startups before starting Checkr in 2014.,https://www.linkedin.com/in/yanisse,https://twitter.com/danielyanisse
Jonathan Perichon,Founder,Senior Software Engineer (Crim Searches),,https://www.linkedin.com/in/jperichon/,
Tim Trefren,,"Senior Software Engineer, Fullstack (Remote-friendly but US only)",Now working on climate change at Recheck,https://linkedin.com/in/timtrefren,https://twitter.com/ttrefren
Suhail Doshi,,"Senior Software Engineer, Fullstack (Remote-friendly but US only)",,https://www.linkedin.com/in/suhaildoshi/,
Andy Fang,,"Software Engineer, iOS",Founder,https://www.linkedin.com/in/fangsterr,
Tony Xu,,"Software Engineer, iOS",Founder/CEO,https://www.linkedin.com/in/xutony,
Stanley Tang,,"Software Engineer, iOS",Founder,https://www.linkedin.com/in/stanleytang,
Adam Hansmann,Founder/COO,The Athletic,Founder of The Athletic (S16).,https://www.linkedin.com/in/adamhansmann,https://twitter.com/TheAuthletic
Alex Mather,Founder/CEO,The Athletic,,https://www.linkedin.com/in/alexemather,https://twitter.com/amather
Haroon Mokhtarzada,Founder,Truebill,"Serial Entrepreneur / Angel Investor. Founder/CEO Webs (Sold to Vistaprint for $117M). Founder/CEO of Truebill (Sold to Rocket Companies for $1.3B) Angel investments: Relativity Space, Boom, Instacart, Sweetgreen, Rappi, PlutoTV, more.",https://www.linkedin.com/in/haroonmokhtarzada/,https://www.twitter.com/haroon
Yahya Mokhtarzada,Founder/CEO,Truebill,"Founder of Truebill, Acquired by Rocket Companies for $1.3b",https://www.linkedin.com/in/yahyamokhtarzada,
Idris Mokhtarzada,Founder/CTO,Truebill,,https://www.linkedin.com/in/idrismokhtarzada,https://twitter.com/idris
Justin Kan,,Twitch,"Justin Kan is the CEO and co-founder of Atrium, a technology company and corporate law firm providing fast, transparent, and price-predictable business and legal services to startups. As a founder of multiple companies and an investor in hundreds more, Justin involuntarily became a power user of corporate legal services. Prior to Atrium, Justin was Founder of Twitch, Exec and Justin.tv.",https://www.linkedin.com/in/justinkan,https://twitter.com/justinkan
Emmett Shear,Founder,Twitch,"Emmett Shear is founder and CEO of Twitch (www.twitch.tv), the worldâ€™s leading video platform and community for gamers. Emmett is also co-founder of Justin.tv and a part-time partner at venture capital firm Y Combinator, where he advises fledgling startups on product and strategy. Emmett graduated from Yale University in 2005, where he met two of his Justin.tv co-founders.",https://www.linkedin.com/in/emmettshear,https://twitter.com/eshear
Michael Seibel,,Twitch,"Michael Seibel works at Y Combinator as a Group Partner. He joined YC in 2013 as a Part-time Partner and in 2014 as a full-time Group Partner.

He moved to the bay area in 2006, and was a co-founder and CEO of two Y Combinator startups Justin.tv/Twitch (2007 - 2011) and Socialcam (2011 - 2012). In 2012 Socialcam sold to Autodesk Inc. for $60m and in 2014, under the leadership of Emmett Shear (CEO) and Kevin Lin (COO) Twitch sold to Amazon for $970m.",https://linkedin.com/in/mwseibel,https://twitter.com/mwseibel
Rich Aberman,Founder/CPO,WePay,"Born in New York, raised in Florida, university in Boston, law school dropout in New York. 

Founded WePay in 2008, joined YC in S'09, and spent better part of the next decade building the company. 

We raised $75M in VC, grew to 300 employees, and achieved profitability before being acquired in 2017 by JP Morgan Chase, where I worked until July 2021. 

Four batches at YC as a visiting group partner (W22-S23).",https://www.linkedin.com/in/richaberman/,https://twitter.com/richaberman
Bill Clerico,Founder/CEO,WePay,Founder & Managing Partner at Convective Capital - we invest in solutions to wildfire and climate change. Founder & former CEO at WePay.,https://www.linkedin.com/in/billclerico,
Clint Berry,,Weave,,https://www.linkedin.com/in/clintonberry,
Brandon Rodman,,Weave,,https://www.linkedin.com/in/brandonrodman,
Jared Rodman,,Weave,Love startups and love Utah. Happy to help any way I can so don't hesitate to reach out.,https://www.linkedin.com/in/jared-rodman-2188a23b/,
Dan Veltri,Founder/CPO,Weebly,,https://www.linkedin.com/in/harish-p-agarwal,
Chris Fanini,Founder/CTO,Weebly,,https://www.linkedin.com/in/chrisfanini/,
David Rusenko,Founder/CEO,Weebly,Founder/CEO of Weebly,https://www.linkedin.com/in/drusenko,http://twitter.com/drusenko
Laks Srini,,Zenefits,Founder/CTO,http://www.linkedin.com/in/lakssrini,
Artem Ptashnik,,Chatfuel,Founder,https://www.linkedin.com/in/artem-ptashnik-828163bb/,
Dmitrii Dumik,,Chatfuel,Founder/CEO,https://www.linkedin.com/in/ddumik,
Daniel Yanisse,Founder/CEO,Checkr,Worked as a software engineer in a few startups before starting Checkr in 2014.,https://www.linkedin.com/in/yanisse,https://twitter.com/danielyanisse
Jonathan Perichon,Founder,Checkr,,https://www.linkedin.com/in/jperichon/,
Wei Deng,Founder/CEO,Clipboard Health,"I'm a graduate of Yale and Yale Law School.  Have done law, finance, product and operations, and am currently running a company that matches healthcare facilities with available nurses nearby.",https://www.linkedin.com/in/dengwei,
Kwindla Hultman Kramer,,Daily,Founder,https://www.linkedin.com/profile/view?id=ADEAAAABFE4BY9krVgKqlmVDm31cTgEvZKJ9UwE,https://twitter.com/kwindla
Alex Bouaziz,Founder/CEO,Deel,Co-founder & CEO @Deel,https://www.linkedin.com/in/alexbouaziz/,https://twitter.com/bouazizalex
Shuo Wang,Founder/CRO,Deel,,https://www.linkedin.com/in/shuo-wang-848a8956/,https://twitter.com/copernicussw
Scott Stephenson,Founder/CEO,Deepgram,"Technical CEO, DL person, particle physicist.",https://www.linkedin.com/profile/view?id=AAMAABp1p9YBj-vzJ-6PnwBthOxU-SSancWwG5w,https://twitter.com/deepgramscott
Andy Fang,,Doordash,Founder,https://www.linkedin.com/in/fangsterr,
Stanley Tang,,Doordash,Founder,https://www.linkedin.com/in/stanleytang,
Tony Xu,,Doordash,Founder/CEO,https://www.linkedin.com/in/xutony,
Alexandra Zatarain,,Eight Sleep,Founder/CMO,http://www.linkedin.com/in/alexandrazatarain/,https://twitter.com/a_zatarain
Massimo Andreasi Bassi,,Eight Sleep,Founder/CTO,https://www.linkedin.com/in/maghis,
Matteo Franceschetti,,Eight Sleep,Founder/CEO,https://www.linkedin.com/in/matteofranceschetti,
Brad Siegler,Founder,Equipmentshare,Founder @ EquipmentShare - YC W 2015,https://linkedin.com/in/bradsiegler,https://twitter.com/BradSiegler
Jabbok Schlacks,Founder,Equipmentshare,,https://www.linkedin.com/in/jabbok-schlacks-319a378a,
Jeff Lowe,Founder,Equipmentshare,,https://www.linkedin.com/in/lowejeffrey,
William Schlacks,Founder/President,Equipmentshare,,https://www.linkedin.com/in/william-schlacks-49796016,
Daniele Perito,,Faire,Founder,https://www.linkedin.com/in/danieleperito,
Marcelo Cortes,,Faire,Founder/CTO,https://www.linkedin.com/in/marcelo-cortes-b34317,
Max Rhodes,,Faire,Founder/CEO,https://www.linkedin.com/in/max-rhodes,
Matthew Sweeny,,Flirtey,Founder/CEO,https://www.linkedin.com/in/matthew-sweeny-732b70127/,
Garrett Langley,Founder/CEO,Flock Safety,,https://www.linkedin.com/in/glangley/,
Matt Feury,Founder/CTO,Flock Safety,I spit rhymes in n log(n) time.,https://www.linkedin.com/in/matt-feury-a105a339/,
Michael Cantalino,Founder/COO,Focal Systems,"Founder at Focal Systems, the AI operating system of brick-and-mortar retail.  Leading with a people-first mentality.",https://www.linkedin.com/pub/michael-john-cantalino/12/b44/747,
Carl Carell,Founder,Getaccept,,https://se.linkedin.com/in/carlcarell,
Jonas Blanck,Founder,Getaccept,Serial entrepreneur building and growing software based companies.  Enjoy learning new things and to challenge technology.,https://www.linkedin.com/in/jonasblanck/,
Mathias Thulin,Founder/Executive Partner,Getaccept,"I want to live in a world where emails are short, business happens in a natural way and people care about each other.  
With a technical background with a degree in Master of Science in Engineering I have the experience to combine technology and sales to create successful companies with strong culture.",https://www.linkedin.com/in/mathiasthulin/,https://twitter.com/mathiasthulin
Samir Smajic,Founder/CEO,Getaccept,,https://www.linkedin.com/in/samirsmajic,
Hiroki Takeuchi,Founder/CEO,Gocardless,"Hiroki is co-founder and CEO of GoCardless, a global leader in direct bank payment solutions.  Prior to founding GoCardless, he worked as a Business Analyst at McKinsey & Co before succumbing to the entrepreneurial bug and enrolling in the Y Combinator program.",https://www.linkedin.com/in/hirokitakeuchi/,
Tom Blomfield,,Gocardless,"Cofounded GoCardless (YC S2011) and Monzo (YC Continuity).  Now a partner at YC, based in San Francisco.",https://www.linkedin.com/in/tomblomfield,https://twitter.com/t_blom
Harsh Jain,,Groww,Founder/COO,https://in.linkedin.com/in/harshjainiitd,
Ishan Bansal,,Groww,Founder,https://in.linkedin.com/in/ishan-bansal-8678b216,
Lalit Keshre,,Groww,Founder/CEO,https://www.linkedin.com/in/lalitkeshre,
Neeraj Singh,,Groww,Founder,https://www.linkedin.com/in/neeraj-singh-a910819,
Paul Sawaya,,Human Interest,Working on something new in gaming.  Previously co-founded Human Interest (YC S15).,https://linkedin.com/in/paulsawaya,https://twitter.com/automin
Roger Lee,,Human Interest,Co-Founder @ Human Interest,https://www.linkedin.com/in/rogerrlee/,https://twitter.com/roger_lee
Apoorva Mehta,Founder/Chairman & Founding CEO,Instacart,Apoorva Mehta is an Indian-born American entrepreneur.  He is the Founder and Chairman of the San Francisco-based on-demand online grocery shop 'Instacart.,https://www.linkedin.com/in/apoorvamehta/,https://twitter.com/apoorva_mehta
Brandon Leonardo,Founder,Instacart,"Brandon is currently Grocery Hacker and a Co-Founder of Instacart, the same-day grocery delivery service.  Brandon built the early versions of the Instacart app, and now leads the Engineering team that works on Growth.",https://www.linkedin.com/in/leonardo/,https://twitter.com/shiftb
Max Mullen,Founder,Instacart,Max is the Co-Founder of Instacart.  He started the company with two co-founders in 2012.,https://www.linkedin.com/in/maxmullen/,http://twitter.com/max
Shadi Saberi,,Isono Health,Founder/CTO,http://www.linkedin.com/in/ssaberig,
Eric Koslow,,Lattice,"Founder of multiple startups.  Knows a fair bit about SaaS, video, streaming, VTubers, and doing business in Japan.",https://www.linkedin.com/in/erickoslow,https://twitter.com/ekosz1
Jack Altman,,Lattice,,https://www.linkedin.com/in/jackealtman,
Chris Upjohn,,Magicbus,Founder,https://www.linkedin.com/pub/chris-upjohn,
Jason Kraft,,Magicbus,Founder/CTO,https://linkedin.com/in/jasonjkraft,
Jim Xiao,Founder/President,Mason,"Past experience at Microsoft, VC, and wireless.  Currently at Mason, working on letting anyone create their own smart hardware product like Peloton or Square.",https://www.linkedin.com/in/jimxiao,https://twitter.com/jimxmeter
James Cundle,Founder/CTO,Mio,Security first engineer with multi-stack and devops experience applied to multiple verticals over the last 20+ years.  Excellent track record of delivering projects for creative business thinkers.,https://www.linkedin.com/in/jamescundle/,https://twitter.com/jamescundle
Tom Hadfield,Founder/CEO,Mio,"Tom Hadfield is a British entrepreneur whose first company, Soccernet. com, was sold to ESPN for $40 million when he was 17 years old.",http://www.linkedin.com/in/hadfieldtom/,http://twitter.com/tomhadfield
Suhail Doshi,,Mixpanel,,https://www.linkedin.com/in/suhaildoshi/,
Tim Trefren,,Mixpanel,Now working on climate change at Recheck,https://linkedin.com/in/timtrefren,https://twitter.com/ttrefren
Adam Brown,Founder,Mux,"Co-founder and CTO.  Previously worked at multiple companies building large scale video streaming, transcoding, and 3D rendering cloud systems.",https://www.linkedin.com/in/adam-brown-7452b03a/,
Jon Dahl,Founder/CEO,Mux,"Jon is a former engineer and current startup founder at Mux (video for developers).  He built software early in the life of Mux, but accidentally dropped the production database and was made CEO.",https://www.linkedin.com/in/zencoder,https://twitter.com/jondahl
Matthew McClure,Founder,Mux,Co-founder and Head of Technology & Community.  I'm also a core-contributor to Video.,https://www.linkedin.com/profile/view?id=AAIAAAJfgWIBGxc9zShLz4cBthEtfFkCOgyYI78,https://twitter.com/matt_mcclure
Steve Heffernan,Founder/Head of Product,Mux,"Founder of Zencoder (YC W'10, acquired) and Mux (YC W'16).  Creator of the popular web video player Video.",https://www.linkedin.com/in/heffernan,https://twitter.com/heff
Gordon Wintrob,,Newfront Insurance,Founder/CTO,https://www.linkedin.com/in/gwintrob,https://twitter.com/gwintrob
Spike Lipkin,,Newfront Insurance,Founder/CEO,https://www.linkedin.com/in/spike-lipkin-8173651b/,
Matthew De Silva,,Notable Labs,Founder/CEO,https://www.linkedin.com/in/matthewdesilva/,https://twitter.com/MDe_Silva
Pete Quinzio,,Notable Labs,Founder,https://www.linkedin.com/in/peter-quinzio-26083a35,
James Burkhardt,,Odeko,Founder,https://www.linkedin.com/in/james-burkhardt-6bb4ab48/,
Amir Nathoo,,Outschool,Founder,https://www.linkedin.com/in/amirnathoo,https://twitter.com/amirnathoo
Nicholas Grandy,,Outschool,Founder,https://www.linkedin.com/profile/view?id=AAMAAABZlEsBToF_BCHS0McY54D6pM73t9TzIWE&trk=hp-identity-name,
Alex (Sasha) Neskin,Founder/CTO,Petcube,"Alex is responsible for production: he knows how to survive in China and organize the work of factories.  

Feel free to contact about anything! alex@petcube.",https://www.linkedin.com/in/alexneskin/,
Andrey Klen,Founder/Chief Design Officer,Petcube,"Building products and brands from the ground up, strong design/marketing mix.  Pet parent.",https://www.linkedin.com/in/andreyklen,https://twitter.com/_klen
Yaroslav Azhnyuk,Founder/CEO,Petcube,,https://www.linkedin.com/in/YaroslavAzhnyuk,
Dennis Steele,Founder,Podium,Co-founder and CSO of Podiumâ€”a company weâ€™ve taken from the attic of a bike shop in 2014 to #13 on Inc.  500â€™s list of fastest-growing companies.,https://www.linkedin.com/in/steeledennis,
Eric Rea,Founder/CEO,Podium,,https://www.linkedin.com/in/ericrea,
Felipe Villamarin,Founder,Rappi,,https://www.linkedin.com/in/felipe-villamarin-85518161,
Sebastian Mejia,Founder,Rappi,Rappi founder.  Rappi is the category leader in e-commerce + delivery across Latin America.,,https://twitter.com/mejiasebas
Simon Borrero,Founder/CEO,Rappi,,https://co.linkedin.com/in/simonborrero,
Harshil Mathur,,Razorpay,Founder/CEO,https://www.linkedin.com/pub/harshil-mathur/69/23a/127,https://twitter.com/harshilmathur
Shashank Kumar,,Razorpay,Founder,http://www.linkedin.com/in/kumarshashank,https://twitter.com/shashank_kr
Parker Conrad,,Rippling,Founder/CEO,https://www.linkedin.com/in/parkerconrad,https://twitter.com/parkerconrad
Prasanna S,,Rippling,Founder/CTO,https://www.linkedin.com/in/myprasanna,https://www.twitter.com/myprasanna
Alexandr Wang,,Scale Ai,Founder/CEO,https://www.linkedin.com/in/alexandrwang,
Andrei Rebrov,,Scentbird,Founder/CTO,https://www.linkedin.com/in/andrebrov,
Mariya Nurislamova,,Scentbird,Founder,http://www.linkedin.com/in/mariyanurislamova/,
Jared Friedman,Founder/CTO,Scribd,Founded Scribd (S'06),https://linkedin.com/in/jaredfriedman,
Dhruv Saxena,,Shipbob,Founder,https://www.linkedin.com/in/dhruv-saxena-4568034,
Divey Gulati,,Shipbob,Founder,https://www.linkedin.com/in/divey-gulati-90299414,
Michael Carvin,,Smartasset,Founder/CEO,,
Christoffer Nyvold,Founder/COO,Soundboks,,https://dk.linkedin.com/pub/christoffer-nyvold/101/84a/b38,
Jesper Theil Thomsen,Founder/CEO,Soundboks,"I'm the CEO & co-founder of SOUNDBOKS.  

I'm based in Copenhagen.",https://www.linkedin.com/profile/view?id=AAIAABVMXEgBw5e16NKx-jQOYprAiCu8I34aBw8&trk=nav_responsive_tab_profile_pic,
Jean-Baptiste Aviat,Founder/CTO,Sqreen,,https://www.linkedin.com/in/jbaviat,https://twitter.com/jbaviat
Pierre Betouin,Founder/CEO,Sqreen,"Pierre co-founded Sqreen, a cybersecurity company providing an automated SaaS solution to protect web applications with no traffic redirection or code modification.  Protecting more than 800 companies, with 85 people, Sqreen was acquired by Datadog in Apr.",https://www.linkedin.com/in/pbetouin/,https://twitter.com/pbetouin
Ken Baylor,,Stealth Worker,Founder,https://www.linkedin.com/in/kenbaylor,
John Collison,,Stripe,Founder/President,https://www.linkedin.com/in/johnbcollison/,https://twitter.com/collision
Patrick Collison,,Stripe,Founder/CEO,https://www.linkedin.com/in/patrickcollison/,https://twitter.com/patrickc
Bryan Wilcox,Founder/CTO,Tovala,,https://linkedin.com/in/bryanwilcox,
David Rabie,Founder/CEO,Tovala,Co-Founder/CEO of Tovala.  Career spent in variety of food & technology roles.,http://www.linkedin.com/in/davidrabie/en,
Drew Durbin,Founder/CEO,Wave,CEO at Wave,https://www.linkedin.com/in/drew-durbin-52517614/,https://twitter.com/drewdurbin/
Lincoln Quirk,Founder/CPO,Wave,CPO at Wave,https://www.linkedin.com/in/lincolnquirk,
Bryant Chou,,Webflow,Founder/CTO,https://www.linkedin.com/in/bryantchou,
Sergie Magdalin,,Webflow,Founder/CPO,,
Vlad Magdalin,,Webflow,Founder,https://www.linkedin.com/in/vladmagdalin/,https://twitter.com/callmevlad
Grant LaFontaine,,Whatnot,Founder/CEO,https://www.linkedin.com/in/grantlafontaine/,
Logan Head,,Whatnot,Founder,https://www.linkedin.com/in/logan-head-b0866615,
Mark Ke,,Yardbook,Founder/CEO,https://www.linkedin.com/pub/mark-ke/1/84/a97,
Bryan Helmig,"Founder/CTO, , engineer",Zapier,Father of three.,https://www.linkedin.com/in/bryanhelmig,
Mike Knoop,Founder,Zapier,https://mikeknoop.com,https://www.linkedin.com/in/mikeknoop,https://twitter.com/mikeknoop
Wade Foster,Founder,Zapier,Co-founder and CEO at Zapier,https://www.linkedin.com/in/wadefoster/,https://twitter.com/wadefoster
Aadit Palicha,,Zepto,Founder,https://www.linkedin.com/in/aadit-palicha/,
Kaivalya Vohra,,Zepto,Founder,https://www.linkedin.com/in/kaivalya-vohra/,
Ken Baylor,,Stealth Worker,Founder,https://www.linkedin.com/in/kenbaylor,
Sumir Meghani,,Instawork,Founder/CEO,https://www.linkedin.com/in/sumirmeghani,
Dave Messina,Founder/COO,Cofactor Genomics,"Dave Messina has spent the last 20 years in computational biology and human genetics.  He contributed to the Human Genome Project at Washington University in Saint Louis, mapped disease genes at the University of Chicago, and co-developed the first comprehensive atlas of human transcription factor genes.",http://linkedin.com/in/davemessina,https://twitter.com/davemessina
Jarret Glasscock,Founder/CTO,Cofactor Genomics,,https://www.linkedin.com/in/jarretglasscock,
Benjamin Todd,,80 000 Hours,Founder/CEO,https://uk.linkedin.com/pub/benjamin-todd/63/66b/b58/,
William MacAskill,,80 000 Hours,Founder,http://uk.linkedin.com/in/wdmacaskill,
Borna Safabakhsh,Founder/CEO,Agilemd,"Borna is the co-founder and CEO of AgileMD, a digital health startup reinventing how clinical predictive analytics and decision support help physicians at the bedside.  Borna has an MBA from Chicago Booth, where he was recognized as Most Promising Entrepreneur by the University of Chicago and 50 for the Future by the Illinois Technology Foundation.",https://www.linkedin.com/in/bornas/,
Jonathan Friedman,Founder/CEO,Assembly,Ph. D.,https://linkedin.com/in/friedparts,
Abraham Heifets,Founder/CEO,Atomwise,"Abraham Heifets is cofounder and CEO of Atomwise.  He was a Massey Fellow at the University of Toronto and the Ontario Brain Institute, where his doctoral work used machine learning to plan organic syntheses, a long-standing challenge in chemistry.",https://www.linkedin.com/in/abrahamheifets/,https://twitter.com/AbeHeifets
Izhar Wallach,Founder/CTO,Atomwise,,https://www.linkedin.com/in/izhar-wallach-a0403811/,
Mike Duncan,Founder/CEO,Bankjoy,"Mike Duncan is the founder and CEO of Bankjoy, a Detroit-based digital banking startup.  Before starting Bankjoy, Mike developed banking software for a Michigan-based credit union.",https://www.linkedin.com/in/HelloMike,https://twitter.com/MikeElDuncan
Christian Timmerer,Founder/CIO,Bitmovin,"Researcher, entrepreneur, & teacher on immersive multimedia communication, streaming, adaptation, & QoE.  CIO & Co-Founder @bitmovin | Assoc.",https://www.linkedin.com/in/christiantimmerer,https://twitter.com/timse7
Christopher Mueller,Founder/CTO,Bitmovin,,https://www.linkedin.com/in/bitmovin-chris/,
Stefan Lederer,Founder/CEO,Bitmovin,,http://at.linkedin.com/pub/stefan-lederer/25/236/2a1,
Corey Centen,Founder/CEO,Bodyport,Biomedical engineer developing medical devices to improve cardiac health.,https://www.linkedin.com/in/coreycenten/,http://twitter.com/bodyport
Sarah Smith,Founder,Bodyport,,https://www.linkedin.com/in/sarahannsmith,
Matt Li,,Branch8,Founder/Director,http://hk.linkedin.com/pub/matt-li/16/4b1/38b,
Jonah Greenberger,Founder,Bright,"Jonah Greenberger is a co-founder of Bright, a Y-Combinator and First Round Capital company delivering solar subscriptions to homes in developing countries, first Mexico.  He was most recently a Director at Chevron, where he helped build a renewable energy investment and construction group.",http://www.linkedin.com/in/jonahgreenberger/,
Ritesh Patel,,Buildscience,Founder,https://www.linkedin.com/in/xitijpatel/,
Tejas Viswanath,,Chaldal,Founder/CTO,https://www.linkedin.com/in/tejas-viswanath,
Waseem Alim,,Chaldal,Founder/CEO,https://www.linkedin.com/profile/view?id=38553536,
Zia Ashraf,,Chaldal,Founder,https://www.linkedin.com/in/zia-ashraf/,
Brent LaRue,Founder/VP Product & Patient Experience,Circle Medical,"Co-founder, VP of Product & Patient Experience at Circle Medical (YCS15)
Venture Partner at Pioneer Fund
Previously Co-founder, CPO at iollo (YCS22)
2012 Olympic Semi-Finalist, 400m Hurdles",https://www.linkedin.com/in/laruebrent,https://twitter.com/brentlarue
George Favvas,Founder/CEO,Circle Medical,"Cofounder of Circle Medical, the fastest-growing digital-first primary care practice.",https://www.linkedin.com/in/georgefavvas,https://twitter.com/georgefavvas
JS Boulanger,Founder/CTO,Circle Medical,Cofounder and CTO at Circle Medical.,https://www.linkedin.com/in/jsboulanger,https://twitter.com/jsboulanger
Chris Field,Founder,Clerky,"I'm a co-founder of Clerky.  I was a startup attorney at Orrick, Herrington & Sutcliffe LLP.",https://www.linkedin.com/in/fieldchris,
Darby Wong,Founder/CEO,Clerky,I'm a co-founder and the CEO of Clerky.  I was a startup attorney at Orrick Herrington & Sutcliffe LLP and have a law degree from Harvard Law School.,https://www.linkedin.com/in/darbywong/,https://twitter.com/darbyw
Mattias Lepp,,Click And Grow,Founder,https://ee.linkedin.com/pub/mattias-lepp/17/ab4/413,
Miller Aaron,,Confident Lims,,https://www.linkedin.com/in/jma3/,
Steve Albarran,Founder/CEO,Confident Lims,"Steve is the CEO and Co-Founder of Confident LIMS, the leading laboratory information management system for quality assurance labs in highly-regulated industries in North America.  Prior to founding Confident, Steve founded Left Lane Capital Partners, a growth equity investment firm focused on the health & wellness industry.",https://www.linkedin.com/in/steve-albarran/,
Guido VilariÃ±o,,Democracy Earth,Founder,https://www.linkedin.com/in/gvilarino,
Pia Mancini,,Democracy Earth,Founder,https://www.linkedin.com/in/piamancini,
Santiago Siri,,Democracy Earth,Founder/President,http://ar.linkedin.com/in/santisiri,
Pushkar Mukewar,,Drip Capital,Founder/CEO,https://www.linkedin.com/pub/pushkar-mukewar/1/695/31,
Ayse Akcura,,Ebrandvalue,Founder/CEO,https://www.linkedin.com/pub/ayse-akcura/2/b85/6ba,
Tolga AkÃ§ura,,Ebrandvalue,Founder,http://www.linkedin.com/pub/tolga-akcura/2/894/448,
Kemar Newell,,Flip,Founder/CEO,https://www.linkedin.com/in/kemarnewell/,
Dave Gandy,Founder/CEO,Font Awesome,"I make Font Awesome and other things.  YC S15, MIT Course 2, MO, MA alum.",https://linkedin.com/in/davegandy,http://twitter.com/davegandy
Travis Chase,Founder,Font Awesome,,http://www.linkedin.com/in/supercodepoet,http://www.twitter.com/supercodepoet
Keith Ryu,,Fountain,Founder/CEO,https://www.linkedin.com/in/kibaekr/,
Ashley Wong,,Gemnote,Founder/CEO,https://www.linkedin.com/profile/view?id=48575772&trk=nav_responsive_tab_profile_pic,
Kestrel Linder,,Givecampus,Founder/CEO,https://www.linkedin.com/pub/kestrel-linder/b3/677/403?domainCountryName=&csrfToken=ajax%3A4508253911625070148,
Michael Kong,,Givecampus,Founder/CTO,https://www.linkedin.com/pub/michael-kong/10/bb1/353,
Allan Shin,,Giveffect,Founder/CPO,http://www.linkedin.com/in/allanshin,
Kevin Shin,,Giveffect,Founder,https://www.linkedin.com/in/kevinshinobi,
Edwin Broni-Mensah,,Givemetap,Founder/The Water Guy,https://www.linkedin.com/in/ebronimensah,
Robyn Exton,,Her,Founder/CEO,https://www.linkedin.com/in/robynexton,
Andrei Mihu,Founder/CTO,Heroic Labs,"Founder of @heroiclabs.  Scalable systems, high availability design, high-performance data processing and interoperability.",http://uk.linkedin.com/in/andreimihu,
Chris Molozian,Founder/CEO,Heroic Labs,Founder of @heroiclabs.  A software engineer and tinkerer on distributed systems.,https://uk.linkedin.com/in/chrismolozian,
Mo Firouz,Founder/COO,Heroic Labs,Colourblind.  Founder.,http://uk.linkedin.com/in/mofirouz,
Derek Greenfield,,Industrial Microbes,Founder/CEO,https://www.linkedin.com/profile/view?id=9841556,
Liz Clarke,,Industrial Microbes,Founder/CTO,https://www.linkedin.com/in/elizabethclarke,
Noah Helman,,Industrial Microbes,Founder/CSO,http://www.linkedin.com/pub/noah-helman/3/744/565/,https://twitter.com/NoahHelman
Cai GoGwilt,Founder/CTO,Ironclad,"Cai GoGwilt has always been passionate about building products that make people more effective at their jobs.  He is an MIT graduate in Computer Science and Physics, as well as a former software engineer at Palantir Technologies.",https://www.linkedin.com/pub/cai-gogwilt/22/18a/77b,https://twitter.com/gogwilt
Jason Boehmig,Founder/CEO,Ironclad,"Founder @ Ironclad, Inc.",http://www.linkedin.com/in/jboehmig,
Helton Souza,Founder/CTO,Labdoor,,https://www.linkedin.com/in/heltonsouza,
Neil Thanedar,Founder/Chairman,Labdoor,"Founding CEO of Labdoor (W15), Avomeen (acq.  2016), and Air to All (501(c)3 nonprofit).",https://www.linkedin.com/in/thanedar,https://twitter.com/NeilThanedar
Rafael Ferreira,Founder/CMO,Labdoor,"Co-founded and helped build Labdoor from the ground up, transforming it into one of the largest supplement review websites in the world. 

Worked as an Art Director for several agencies, helping deliver impactful work for global brands like Warner Bros.",https://www.linkedin.com/in/rafafferreira,https://twitter.com/rafafferreira1
Joe Greenstein,,Leaders In Tech,Founder/Zookeeper's Assistant,http://linkedin.com/in/joegreenstein,
Semira Rahemtulla,,Leaders In Tech,Founder,https://www.linkedin.com/in/semira,
Damian Sowers,Founder,Level Frames,Founder & CTO @levelframes,http://www.linkedin.com/pub/damian-sowers/22/a8b/178,https://twitter.com/3solarmasses
Josh Hubball,Founder/CEO,Level Frames,"Building @Levelframes.  Fan of music, tech, analog photography, being a dad and the Sawx.",https://www.linkedin.com/in/joshhubball,https://twitter.com/jhubball
Eric Kreutzer,Founder,Lugg,,https://www.linkedin.com/in/eric-kreutzer,
Jordan Brown,Founder/CEO,Lugg,Founder/CEO of Lugg (s15),https://www.linkedin.com/pub/jordan-brown/a1/628/b4b,https://twitter.com/jordanbrown
Aaron Kemmer,Founder,Magic,co-founder magic w15,https://www.linkedin.com/in/aaronkemmer/,
David Merriman,Founder,Magic,"Co-founder, Magic (getmagic.com)",https://www.linkedin.com/in/david-merriman-19bb3098,https://www.twitter.com/dwmerriman
Michael Rubin,Founder/CFO,Magic,,https://www.linkedin.com/in/michael-rubin-519b2785/,
Mike Chen,Founder/CEO,Magic,,https://www.linkedin.com/in/cmikec,
Nic Novak,Founder,Magic,,https://www.linkedin.com/in/nic-novak-00177250,
Andres Felipe Diaz,Founder/CEO,Makrwatch,"Our focus is to build a high growth company with human-centered values that promote diversity, multi-cultural teams, and that enables global access to wealth.  

We proudly sponsor thousands of YouTube creators in 60+ counties, have team members in 4 continents and 7+ countries and have been fully remote for a few years.",http://linkedin.com/in/andresthegeek/,
Carlos Saavedra,Founder,Makrwatch,"We are empowering people's creativity towards content creations, working with thousands of creators in more than 60+ countries.",https://www.linkedin.com/in/carlosaave,
Sidra Qasim,,Markhor,"co-founder & CEO of @atoms, previously @markhor
Mom.  Startup investor in Buzzer, AirSchool, AimFit, WorkOS, etc.",http://linkedin.com/in/sidraqasim,https://twitter.com/sidraqasim
Waqas Ali,,Markhor,,http://linkedin.com/in/waqasaday,http://twitter.com/waqasali
Abhinai Srivastava,,Mashgin,Founder/CEO,https://www.linkedin.com/in/abhinai,
Mukul Dhankhar,,Mashgin,Founder,https://linkedin.com/in/mdhankhar,
David Hua,Founder/CEO,Meadow,"CEO, Co-Founder of Meadow.  Dim Sum Connoisseur.",https://www.linkedin.com/in/davidhua,http://twitter.com/hua
Harrison Lee,"Founder/Designer, Developer",Meadow,,https://www.linkedin.com/in/harrisonrlee,
Rick Harrison,Founder/CTO,Meadow,Co-Founder & CTO of Meadow,https://www.linkedin.com/in/rickharrison/,https://twitter.com/rickharrison
Scott A Garman,Founder,Meadow,,https://www.linkedin.com/profile/view?id=79643071&trk=nav_responsive_tab_profile,
Chris Nguyen,Founder,Mezmo,,https://linkedin.com/in/christophernguyen,
Lee Liu,,Mezmo,Co-founder at Shuttle,https://www.linkedin.com/in/leeliu,
Marc Lara,Founder,Microhealth,"Expert indigital health, including:
- Launching products for new therapeutic areas 
- Improving health outcomes
- Clinical and HEOR studies
- Domestic and global deployments 
- Predictive AI for medical and commercial goals",https://www.ycombinator.com/companies/linkedin.com/mlaranyc,
Miguel Lara,Founder/CEO,Microhealth,"â— 10+ years as Digital Health startup CEO
â— Deep relationships across the biopharma ecosystem
â— 10+ years as Managing Director (healthcare) at global bank
â— Y Combinator (YC_S15) alumni",http://linkedin.com/in/mlara1/en,
Brett Hagler,Founder/CEO,New Story,Co-Founder and CEO at New Story.,http://www.linkedin.com/in/rbhagler/,https://twitter.com/BrettHagler
Matthew Marshall,Founder,New Story,"Co-founder and Chief Business Officer of New Story.  

New Story pioneers solutions to end global homelessness through a market-driven approach and since starting 8 years ago we've raised over 50M+ and built 37 communities (100-150 homes per project) in Latin America.",http://linkedin.com/in/jamesmatthewmarshall,
Talha Sattar,,Nimblerx,Founder/CEO,https://www.linkedin.com/pub/talha-sattar/5/77a/97,
George Deglin,Founder/CEO,Onesignal,Technical Founder & CEO of OneSignal (YC S11 and YCG S20).,https://www.linkedin.com/in/gdeglin,https://twitter.com/gdeglin
Long Vo,Founder/COO,Onesignal,"Co-Founder and COO at OneSignal(YC S11).  Previously Co-Founder and Art/Creative Director at Gaia Online, Director/Senior Producer UDON Entertainment.",https://www.linkedin.com/in/longvo/,https://twitter.com/vostalgic
Bryn Jones,Founder,Partnerstack,,https://ca.linkedin.com/pub/bryn-jones/44/a1/619/,https://twitter.com/bryncdn
Jonathan Mendes,Founder/Designer,Partnerstack,,https://ca.linkedin.com/in/jonathanmendes,
Luke Swanek,Founder,Partnerstack,,http://ca.linkedin.com/in/lswanek/,
Neil Chudleigh,Cofounder,Partnerstack,"Founder of superwhisper (https://superwhisper.com)

Co-founder of PartnerStack",https://www.linkedin.com/in/neilchudleigh,https://twitter.com/neilsuperduper
Austin Steed,Founder,Picktrace,,https://www.linkedin.com/in/austinsteed,
Harrison Steed,"Founder/Labor Management, Harvest Management, & Traceability",Picktrace,YC Badge: 0xEb4DE7B7ffD641d114Cd9510aEb14Ba176E07f7C,http://www.linkedin.com/pub/harrison-steed/,
Bhavuk Kaul,Founder/CEO,Plate Iq,,https://www.linkedin.com/in/bhavukkaul,
Ram Jayaraman,Founder/CTO,Plate Iq,"Co-Founder/Tech dude at Automatic Labs ( YC S11 ), Plate IQ ( YC S15 ).  I also angel invest occasionally.",http://www.linkedin.com/in/ramprabhuj,
Christian Van Der Henst,Founder,Platzi,"Co-founder and COO of Platzi.  Teacher, angel-investor, proud Latino.",https://www.linkedin.com/in/cvander,https://twitter.com/cvander
Freddy Vega,Founder/CEO,Platzi,"Platzi's CEO and cofounder (YC W15), the largest tech school in Latin America.  Before, I built the largest Flash and Actionscript community in the web (Cristalab, Spanish only).",https://www.linkedin.com/in/johnfreddyvega,https://twitter.com/freddier
Andrew Ng,Founder,Priime,Founder at Priime (W15),https://www.linkedin.com/in/andrewng,https://twitter.com/ayn
Arthur Chang,Founder/CEO,Priime,YC s10 founder (Fanvibe) and YC w15 founder (Priime),https://www.linkedin.com/in/arthurchang,https://twitter.com/art_chang
Joe Pestro,Founder,Priime,Founder at Priime (YC W15) & Fanvibe (YC S10),http://linkedin.com/in/joepestro,
Sandip Trivedi,,Quantierra,Founder,https://linkedin.com/in/sandiptrivedi,https://twitter.com/trivedisandip
Adam Regelmann,Founder/CPO,Quartzy,"I co-founded Quartzy with Jayant to solve a problem we personally faced in our life science research labs: disorganized lab supplies.  With an MD, a PhD, and a residency in Internal Medicine, I bring deep expertise to our mission.",https://www.linkedin.com/in/adam-r-7189a67/,
Jayant Kulkarni,Founder/CEO,Quartzy,,https://www.linkedin.com/in/jayantekulkarni/,
Christopher Davlantes,,Reach Labs,Founder,https://www.linkedin.com/in/chrisdavlantes/en,
Gregory Koberger,,Readme,Founder,http://linkedin.com/in/gkoberger,
Kartik Venkataraman,,Redcarpetup,Founder,https://www.linkedin.com/in/kartikvenkataraman1,
Eugenia Kuyda,,Replika,Founder/CEO,https://www.linkedin.com/in/eugenia-kuyda-638a8a1b/,
Angel Alonso Say,Founder/CEO,Resolve,YC Badge: 0xc6886E54a18Fe055348178AC3131d530d8679810,https://www.linkedin.com/in/sayangel,
Russell Varriale,Founder,Resolve,Co-Founder & COO @ InsiteVR,https://www.linkedin.com/in/russellvarriale,https://twitter.com/RussellVarriale
Cody Stoltman,,Sails Co,,http://www.linkedin.com/in/codystoltman/,
Mike McNeil,,Sails Co,See https://mcneil.io,https://www.linkedin.com/in/mikermcneil,https://x.com/mikermcneil
Scott Gress,,Sails Co,,http://www.linkedin.com/in/scottgress/,
David Nedohin,,Scope Ar,Founder/President,https://www.ca.linkedin.com/in/davidnedohin,
Scott Montgomerie,,Scope Ar,Founder,http://www.linkedin.com/in/scottmontgomerie/en,
Alexandre Wayenberg,Founder/CEO,Shape Shapescale,,http://www.linkedin.com/in/awayenberg,
Martin Kessler,Founder/COO,Shape Shapescale,"I'm into D2C, growth marketing, recruiting, hardware, and fitness.",https://www.linkedin.com/in/martinkessler,https://twitter.com/kesslerio
Jose M. Mejia Oneto,Founder/CEO,Shasqi,"JosÃ© M MejÃ­a Oneto is a physician scientist with training in Organic Chemistry at Emory and Orthopedics at UC Davis.  During his clinical training, Jose recognized the need for a better way to get drugs to the right location in the body.",http://www.linkedin.com/in/joseperu/,
Mark Godfrey,,Shred Video,Founder/CTO,https://www.linkedin.com/profile/view?id=18358820,
Mike Allen,,Shred Video,Founder/CEO,https://www.ycombinator.com/companies/www.linkedin.com/pub/michael-allen/7/511/9a1/en,
Adam Kircher,,Sirum,Founder,http://www.linkedin.com/pub/adam-kircher/a/532/b87,
George Wang,,Sirum,Founder/Director,https://www.linkedin.com/pub/george-wang/12/883/771,
Kiah J. Williams,,Sirum,Founder,http://www.linkedin.com/pub/kiah-williams/9/656/b65,
Natasha Baker,,Snapmagic,Founder/CEO,https://www.linkedin.com/in/natashaabaker,https://twitter.com/natashaabaker?lang=en
Aleem Mawani,Founder,Streak,Founder of Streak,https://www.linkedin.com/in/aleemmawani/,
Andy Moon,,Sunfarmer,"Co-Founder and CEO of Reunion, renewable energy finance platform /
Co-Founder and Board member at SunFarmer /
Raised over $200M in debt and equity to fund solar energy projects / 
Investor in a few awesome early stage companies including Chronosphere",https://www.linkedin.com/in/andymoonfuture/,https://twitter.com/andymoonsun
Jason Gray,,Sunfarmer,"Presently, Founder and Managing General Partner of Pioneer Fund.  
Previously, Co-Founder of SunFarmer, a solar energy company.",https://www.linkedin.com/in/jasondgray,https://twitter.com/jasondgray
Mark Datta,Founder/CEO,Tab,"Mark worked in the finance industry, and at travel and fintech startups before founding Tab.  He has an MBA from Harvard Business School.",http://uk.linkedin.com/in/markdatta,
Iba Masood,Founder/CEO,Tara Ai,"ba Masood is the co-founder and CEO of Tara AI, a smart platform helping thousands of engineers and teams deliver on planned releases.  Iba was awarded Forbes 30 under 30, for the 2018 list, under the field of Enterprise Technology.",https://www.linkedin.com/in/ibamasood,
Syed Ahmed,Founder/CTO,Tara Ai,Syed Ahmed is an experienced CTO and Engineering leader with over 15 years of experience in architecting software & building high performance teams.  Him and his cofounder launched their first bootstrapped and profitable SaaS business in 2010 which became an award winning startup called Gradberry.,https://www.linkedin.com/in/syedahmedz/,
Rehman Merali,Founder,Teabot,PhD in Robotics.  Passionate about helping in the developing world.,https://www.linkedin.com/in/rehmanmerali,
Jon Yip,,Teamnote,Founder,,
Ming Lo,,Teamnote,Founder/CTO,http://hk.linkedin.com/in/loming/,
Roy Law,,Teamnote,Founder,https://www.linkedin.com/pub/roy-law/63/b2b/4b,
Alexander Klizhentas,Founder/CTO,Teleport,"Iâ€™m focusing on building distributed infrastructure systems while keeping things as simple as possible.  Iâ€™m writing code and managing engineering teams, helping team members to be happy, productive and grow their technical and communication skills.",,
Ev Kontsevoy,Founder/CEO,Teleport,"- CEO/cofounder Teleport
- Product at Rackspace
- CEO/cofounder Mailgun
- Software engineer",https://www.linkedin.com/in/kontsevoy/,https://twitter.com/kontsevoy
Taylor Wakefield,Founder/COO,Teleport,"- Co-Founder of Teleport (fka, Gravitational) (S2015) and Mailgun (W2011).  
- Director at Rackspace in product for 3 years after Mailgun was acquired by Rackspace in 2012.",https://www.linkedin.com/in/taylorwakefield/,https://twitter.com/ktwakefield
Joshua Augustin,,Tempo,Founder/CTO,https://www.linkedin.com/in/joshua-augustin-56ba268a,
Moawia Eldeeb,,Tempo,Founder/CEO,https://www.linkedin.com/in/moawiaeldeeb,
Carlos Vega,Founder/CEO,Tesorio,Co-founder & CEO,https://www.linkedin.com/pub/carlos-r-vega/,
Fabio Fleitas,Founder,Tesorio,Co-Founder & CTO @ Tesorio,http://www.linkedin.com/in/fabiofleitas,https://twitter.com/FabioFleitas
Siping Wang,,Tetrascience,Founder/CTO,https://www.linkedin.com/pub/siping-wang/47/A32/205,
Tiffani Ashley Bell,Founder/Executive Director,The Human Utility,"Tiffani is the Founder and Executive Director of The Human Utility.  Since July 2014, The Human Utility has helped thousands of people with their water bills.",http://www.linkedin.com/in/tiffani,https://www.twitter.com/tiffani
Jigar Patel,Founder/COO,The Ticket Fairy,,http://www.linkedin.com/in/desinex,
Ritesh Patel,Founder/CEO,The Ticket Fairy,"CEO, The Ticket Fairy.  Engineer and event producer.",http://www.linkedin.com/in/riteshdpatel,https://twitter.com/ritlocus
Brian Bennett,,Thrive Agritech,Founder/CEO,https://www.linkedin.com/profile/view?id=33089925&trk=nav_responsive_tab_profile,
Max Hodak,,Transcriptic,Founder/CEO,,https://twitter.com/max_hodak
Alice Zhang,,Verge Genomics,Founder/CEO,https://www.linkedin.com/pub/alice-zhang/2b/786/208,
Prapat Suriyaphol,Founder,X Zell,,http://th.linkedin.com/pub/prapat-suriyaphol/17/5b0/3b2,
Sebastian Punyaratabandhu Bhakdi,Founder,X Zell,"Sebastian started out as a physician at the University Hospital of Freiburg, Germany and earned a Degree in International Health at the Autonomous University of Barcelona, Spain, which made him realize that health services have to be accessible for all.  A Research Fellowship from the German Research Foundation helped him to create his first patent which he used to found X-ZELL.",https://www.linkedin.com/pub/sebastian-chakrit-punyaratabandhu-bhakdi/4a/357/8a3,
Bo Chen,,Xendit,Founder/CTO,https://www.linkedin.com/in/bochen303,
Juan Gonzalez,,Xendit,Founder/Principal Software Engineer,https://www.linkedin.com/in/0505gonzalez,
Moses Lo,,Xendit,Founder/CEO,http://linkedin.com/in/moseslo,
Dan Burton,Founder,Zeitview,Zeitview Founder/CEO; US Marine Corps Infantry; Goldman Sachs; US Senate Staff,http://www.linkedin.com/pub/daniel-burton/89/117/287/,
Shreya Mehta,,Zenflow,Founder/CTO,https://www.linkedin.com/pub/shreya-mehta/5/57/49a,
Berk Ã‡ebi,,Zeplin,Founder,https://www.linkedin.com/in/berkcebi/,https://x.com/berkcebi
Ismail Ceylan,,Zeplin,Founder/Software Developer,https://www.linkedin.com/in/ceylanismail/,
Merih Akar,,Zeplin,Founder/Developer,https://www.linkedin.com/in/merihakar/,https://twitter.com/merihakar
Pelin Kenez,,Zeplin,Founder/CEO,https://www.linkedin.com/in/pelinkenez,